Date,Price,Market_Cap,Total_Volume
2013-04-28 02:00,135.3,1500517590,0
2013-04-29 02:00,141.96,1575032004,0
2013-04-30 02:00,135.3,1501657493,0
2013-05-01 02:00,117,1298951550,0
2013-05-02 02:00,103.43,1148667722,0
2013-05-03 02:00,91.01,1011066494,0
2013-05-04 02:00,111.25,1236351844,0
2013-05-05 02:00,116.79,1298377788,0
2013-05-06 02:00,118.33,1315992304,0
2013-05-07 02:00,106.4,1183766500,0
2013-05-08 02:00,112.64,1253655040,0
2013-05-09 02:00,113,1258130700,0
2013-05-10 02:00,118.78,1322989457,0
2013-05-11 02:00,113.01,1259239352,0
2013-05-12 02:00,114.713,1278708679,0
2013-05-13 02:00,117.18,1306721052,0
2013-05-14 02:00,114.5,1277278988,0
2013-05-15 02:00,114.156,1273849681,0
2013-05-16 02:00,115.5,1289277412,0
2013-05-17 02:00,123.1,1374605382,0
2013-05-18 02:00,123.88,1383755085,0
2013-05-19 02:00,120.501,1346499262,0
2013-05-20 02:00,122.58,1370131821,0
2013-05-21 02:00,122.9,1374154118,0
2013-05-22 02:00,123,1375791900,0
2013-05-23 02:00,125.748,1407041528,0
2013-05-24 02:00,131.7,1474180657,0
2013-05-25 02:00,130.77,1464316690,0
2013-05-26 02:00,134.6,1507769010,0
2013-05-27 02:00,128.985,1445444606,0
2013-05-28 02:00,129.179,1448115967,0
2013-05-29 02:00,132.13,1481781795,0
2013-05-30 02:00,127.401,1429308634,0
2013-05-31 02:00,127.98,1436386730,0
2013-06-01 02:00,129.09,1449499974,0
2013-06-02 02:00,121.3,1362684200,0
2013-06-03 02:00,121.16,1361765704,0
2013-06-05 02:00,121.309,1364113640,0
2013-06-06 02:00,121.714,1369233814,0
2013-06-07 02:00,119,1339234925,0
2013-06-08 02:00,110.09,1239395972,0
2013-06-09 02:00,108.401,1220874393,0
2013-06-10 02:00,99.7497,1123844958,0
2013-06-11 02:00,105.99,1194605341,0
2013-06-12 02:00,108.9,1227904672,0
2013-06-13 02:00,108.4,1222819750,0
2013-06-14 02:00,102.769,1159766150,0
2013-06-15 02:00,98.399,1110902570,0
2013-06-16 02:00,99.99,1129287060,0
2013-06-17 02:00,100.42,1134610433,0
2013-06-18 02:00,102,1152834600,0
2013-06-19 02:00,106.55,1204638318,0
2013-06-20 02:00,107.9,1220273470,0
2013-06-21 02:00,110.91,1254733148,0
2013-06-22 02:00,109.015,1233750009,0
2013-06-23 02:00,107.25,1214260369,0
2013-06-24 02:00,108,1223181000,0
2013-06-25 02:00,102.443,1160635652,0
2013-06-26 02:00,103.691,1175194910,0
2013-06-27 02:00,103.39,1172207388,0
2013-06-28 02:00,99.66,1130338737,0
2013-06-29 02:00,93.3311,1058953327,0
2013-06-30 02:00,95.3886,1082693996,0
2013-07-01 02:00,97.504,1107084792,0
2013-07-02 02:00,89.489,1016445146,0
2013-07-03 02:00,90.797,1031653673,0
2013-07-04 02:00,78.8,895707780,0
2013-07-05 02:00,78.48,892405890,0
2013-07-06 02:00,67.809,771368060,0
2013-07-07 02:00,68.0831,774804401,0
2013-07-08 02:00,77.502,882356395,0
2013-07-09 02:00,76.3915,870081997,0
2013-07-10 02:00,77,877378425,0
2013-07-11 02:00,85.75,977479256,0
2013-07-12 02:00,93.804,1069724400,0
2013-07-13 02:00,88.0622,1004551934,0
2013-07-14 02:00,95.58,1090715949,0
2013-07-15 02:00,94,1073073450,0
2013-07-16 02:00,97.301,1111179853,0
2013-07-17 02:00,98.9796,1130735527,0
2013-07-18 02:00,97.8,1117707300,0
2013-07-19 02:00,88.7869,1015062893,0
2013-07-20 02:00,91.572,1047311253,0
2013-07-21 02:00,89.28,1021492656,0
2013-07-22 02:00,90.3672,1034399451,0
2013-07-23 02:00,91.7024,1050054379,0
2013-07-24 02:00,94.5806,1083333286,0
2013-07-25 02:00,94.525,1083076902,0
2013-07-26 02:00,96.9499,1111232483,0
2013-07-27 02:00,94.13,1079278107,0
2013-07-28 02:00,94.005,1078286703,0
2013-07-29 02:00,98.5759,1131111629,0
2013-07-30 02:00,101.5,1165105812,0
2013-07-31 02:00,110.34,1267183179,0
2013-08-01 02:00,106.23,1220481782,0
2013-08-02 02:00,101.61,1167849454,0
2013-08-03 02:00,103.7,1192378895,0
2013-08-04 02:00,104.86,1206152150,0
2013-08-05 02:00,106.56,1226188584,0
2013-08-06 02:00,105.841,1218425716,0
2013-08-07 02:00,106.75,1229098150,0
2013-08-08 02:00,101.672,1171586790,0
2013-08-09 02:00,103.4,1192028805,0
2013-08-10 02:00,102.71,1184605785,0
2013-08-11 02:00,103.77,1197378682,0
2013-08-12 02:00,105.18,1214268916,0
2013-08-13 02:00,106.068,1225008501,0
2013-08-14 02:00,111.621,1289602061,0
2013-08-15 02:00,111.87,1292943118,0
2013-08-16 02:00,109.867,1270257534,0
2013-08-17 02:00,112.74,1304015666,0
2013-08-18 02:00,114.4,1323762440,0
2013-08-19 02:00,118.782,1375023402,0
2013-08-20 02:00,120.5,1395441212,0
2013-08-21 02:00,121.51,1407757143,0
2013-08-22 02:00,122.499,1419858347,0
2013-08-23 02:00,120,1391517000,0
2013-08-24 02:00,120.44,1397179275,0
2013-08-25 02:00,122,1415749000,0
2013-08-26 02:00,122.04,1416676932,0
2013-08-27 02:00,125.67,1459371151,0
2013-08-28 02:00,123.02,1429111038,0
2013-08-29 02:00,123.44,1434594992,0
2013-08-30 02:00,129.2,1502172870,0
2013-08-31 02:00,137.76,1602407100,0
2013-09-01 02:00,138.17,1607960283,0
2013-09-02 02:00,137.17,1597132036,0
2013-09-03 02:00,137.51,1601702729,0
2013-09-04 02:00,135.21,1575534525,0
2013-09-05 02:00,129.96,1514888487,0
2013-09-06 02:00,126.13,1470861842,0
2013-09-07 02:00,123.73,1443353756,0
2013-09-08 02:00,121.77,1420952396,0
2013-09-09 02:00,126.4,1475596760,0
2013-09-10 02:00,127.78,1492304286,0
2013-09-11 02:00,131.65,1538132775,0
2013-09-12 02:00,134.22,1568874092,0
2013-09-13 02:00,135.05,1579271324,0
2013-09-14 02:00,131.39,1537187451,0
2013-09-15 02:00,129.95,1520967287,0
2013-09-16 02:00,131.48,1539430293,0
2013-09-17 02:00,131.31,1538014334,0
2013-09-18 02:00,132.06,1547280990,0
2013-09-19 02:00,130.23,1526484433,0
2013-09-20 02:00,128.57,1507618248,0
2013-09-21 02:00,126.78,1487211807,0
2013-09-22 02:00,128.37,1506534274,0
2013-09-23 02:00,126.73,1487984454,0
2013-09-24 02:00,126.09,1481135098,0
2013-09-25 02:00,127.99,1504122481,0
2013-09-26 02:00,128.02,1505025524,0
2013-09-27 02:00,131.84,1550524096,0
2013-09-28 02:00,133.93,1575663012,0
2013-09-29 02:00,140.28,1650965841,0
2013-09-30 02:00,131.65,1549941780,0
2013-10-01 02:00,132.55,1561200410,0
2013-10-02 02:00,132.04,1555751397,0
2013-10-03 02:00,123.07,1450746083,0
2013-10-04 02:00,128.26,1512486811,0
2013-10-05 02:00,129.57,1528611793,0
2013-10-06 02:00,127.56,1505549223,0
2013-10-07 02:00,128.38,1515724889,0
2013-10-08 02:00,125.72,1484816060,0
2013-10-09 02:00,130.9,1546580228,0
2013-10-10 02:00,129.68,1532820842,0
2013-10-11 02:00,130.27,1540367845,0
2013-10-12 02:00,135.35,1601082220,0
2013-10-13 02:00,135.48,1603402413,0
2013-10-14 02:00,140.48,1663458800,0
2013-10-15 02:00,143.89,1704751164,0
2013-10-16 02:00,143.61,1702245233,0
2013-10-17 02:00,146.15,1732995548,0
2013-10-18 02:00,151.34,1795176162,0
2013-10-19 02:00,170.51,2023531688,0
2013-10-20 02:00,172.01,2042261829,0
2013-10-21 02:00,181.41,2154778910,0
2013-10-22 02:00,193.45,2298993654,0
2013-10-23 02:00,206.78,2458505640,0
2013-10-24 02:00,198.8,2364666360,0
2013-10-25 02:00,172.48,2052637048,0
2013-10-26 02:00,178.96,2130644072,0
2013-10-27 02:00,189.83,2260913266,0
2013-10-28 01:00,198.55,2365643830,0
2013-10-29 01:00,204.39,2436022215,0
2013-10-30 01:00,204.2,2434768490,0
2013-10-31 01:00,203.88,2432069229,0
2013-11-01 01:00,205.26,2449516394,0
2013-11-02 01:00,206.89,2470106260,0
2013-11-03 01:00,212.45,2537555912,0
2013-11-04 01:00,226.28,2703825377,0
2013-11-05 01:00,230.63,2756789579,0
2013-11-06 01:00,260.85,3119094311,0
2013-11-07 01:00,295.63,3536067384,0
2013-11-08 01:00,332.02,3972444990,0
2013-11-09 01:00,358,4284552950,0
2013-11-10 01:00,313,3747322075,0
2013-11-11 01:00,340.55,4078792891,0
2013-11-12 01:00,355.48,4259334699,0
2013-11-13 01:00,404.17,4844512975,0
2013-11-14 01:00,408.84,4902328893,0
2013-11-15 01:00,424.16,5087746180,0
2013-11-16 01:00,437.41,5248843453,0
2013-11-17 01:00,488.36,5862542038,0
2013-11-18 01:00,580.87,6975450004,0
2013-11-19 01:00,614.4,7380464640,0
2013-11-20 01:00,565.34,6793450510,0
2013-11-21 01:00,675.06,8114440594,0
2013-11-22 01:00,731.15,8790506777,0
2013-11-23 01:00,819.31,9853534129,0
2013-11-24 01:00,764.43,9196532447,0
2013-11-25 01:00,793.07,9544775891,0
2013-11-26 01:00,832.93,10028164851,0
2013-11-27 01:00,914.13,11009416068,0
2013-11-28 01:00,979.08,11795833455,0
2013-11-29 01:00,1101.83,13280659993,0
2013-11-30 01:00,1127.45,13593664650,0
2013-12-01 01:00,1033.39,12464724345,0
2013-12-02 01:00,974.03,11753157346,0
2013-12-03 01:00,1078.64,13020236474,0
2013-12-04 01:00,1121.48,13542487814,0
2013-12-05 01:00,989.04,11947405392,0
2013-12-06 01:00,1019.66,12322234219,0
2013-12-07 01:00,811.98,9816777302,0
2013-12-08 01:00,743.11,8987358118,0
2013-12-09 01:00,897.89,10863885372,0
2013-12-10 01:00,927.78,11230173843,0
2013-12-11 01:00,887.08,10741252534,0
2013-12-12 01:00,878.17,10636987805,0
2013-12-13 01:00,897.27,10872198158,0
2013-12-14 01:00,866.99,10509219285,0
2013-12-15 01:00,854.62,10363485334,0
2013-12-16 01:00,789.15,9573257565,0
2013-12-17 01:00,691.65,8393847109,0
2013-12-18 01:00,559.36,6791343584,0
2013-12-19 01:00,677.84,8233502182,0
2013-12-20 01:00,694.25,8436421862,0
2013-12-21 01:00,596.12,7246404914,0
2013-12-22 01:00,650.27,7907201916,0
2013-12-23 01:00,645.75,7854951431,0
2013-12-24 01:00,659.94,8030446893,0
2013-12-25 01:00,668.74,8140337961,0
2013-12-26 01:00,734.59,8944973877,0
2013-12-27 01:00,734.27,8944473292,62881800
2013-12-28 01:00,738.81,9002769255,28121600
2013-12-29 01:00,726.47,8855251580,27018300
2013-12-30 01:00,760.52,9270681761,24717100
2013-12-31 01:00,755.16,9205343763,21903500
2014-01-01 01:00,767.74,9358693020,23448600
2014-01-02 01:00,772.53,9417082760,16837800
2014-01-03 01:00,825.47,10062417390,54171500
2014-01-04 01:00,849.14,10350952914,36344700
2014-01-05 01:00,919.41,11207538944,62414600
2014-01-06 01:00,936.38,11414401972,88584600
2014-01-07 01:00,826.5,10107681750,80268100
2014-01-08 01:00,838.32,10256342208,78060300
2014-01-09 01:00,853.29,10443906952,58813600
2014-01-10 01:00,863.3,10570439442,29763600
2014-01-11 01:00,905.72,11094594497,48299500
2014-01-12 01:00,867.45,10630187711,40171100
2014-01-13 01:00,840.96,10309307616,42950500
2014-01-14 01:00,838.05,10276902394,23469400
2014-01-15 01:00,860.44,10555404678,28600400
2014-01-16 01:00,837.98,10283900055,18719700
2014-01-17 01:00,812.9,9979241690,39266000
2014-01-18 01:00,840,10315662000,18052700
2014-01-19 01:00,838.17,10293335273,17574100
2014-01-20 01:00,869.15,10677333920,25421600
2014-01-21 01:00,869.57,10686776168,26779700
2014-01-22 01:00,865.03,10635024832,17879900
2014-01-23 01:00,846.97,10417265166,18412100
2014-01-24 01:00,808.32,9945387408,20176000
2014-01-25 01:00,804.39,9900713656,31742800
2014-01-26 01:00,853.51,10508799200,22676800
2014-01-27 01:00,891.86,10984370725,32539200
2014-01-28 01:00,777,9573533550,61878700
2014-01-29 01:00,816.85,10067676250,33409200
2014-01-30 01:00,817.17,10074827642,16261700
2014-01-31 01:00,817.93,10087796517,31107400
2014-02-01 01:00,832.52,10271715012,14722200
2014-02-02 01:00,836.41,10323662258,19347600
2014-02-03 01:00,813.38,10043290888,12759200
2014-02-04 01:00,832.36,10281144248,14823400
2014-02-05 01:00,830.92,10267242207,15706200
2014-02-06 01:00,805.08,9951171213,47441900
2014-02-07 01:00,721.32,8918941470,65733100
2014-02-08 01:00,701.61,8678266711,86940400
2014-02-09 01:00,672.07,8315656524,34864400
2014-02-10 01:00,689.65,8535556672,38527400
2014-02-11 01:00,697.76,8638931672,121884000
2014-02-12 01:00,655.26,8115968452,65970400
2014-02-13 01:00,651.91,8077474557,19109100
2014-02-14 01:00,623.57,7729134561,90917600
2014-02-15 01:00,644.1,7986582360,57350800
2014-02-16 01:00,613.85,7614456286,24104900
2014-02-17 01:00,645.14,8005429360,48516100
2014-02-18 01:00,625.01,7758139753,22066400
2014-02-19 01:00,620.99,7711283048,13276100
2014-02-20 01:00,593.89,7377405511,35743400
2014-02-21 01:00,582.75,7241455462,56059000
2014-02-22 01:00,571.06,7098404288,21675800
2014-02-23 01:00,622.97,7746491782,44590700
2014-02-24 01:00,572.39,7120130927,47229500
2014-02-25 01:00,489.31,6088839080,111102000
2014-02-26 01:00,567.25,7061198906,75039300
2014-02-27 01:00,586.28,7300959497,38219000
2014-02-28 01:00,567.2,7065922360,24649000
2014-03-01 01:00,560.11,6979712746,22903800
2014-03-02 01:00,561.35,6997269851,11143900
2014-03-03 01:00,585.79,7304054418,33049800
2014-03-04 01:00,675,8418886875,86124600
2014-03-05 01:00,658.24,8212712376,26946700
2014-03-06 01:00,654.55,8169324004,16659800
2014-03-07 01:00,617.62,7711032022,29823000
2014-03-08 01:00,610.37,7623170337,21353000
2014-03-09 01:00,636.17,7947989895,15489000
2014-03-10 01:00,621.17,7763134192,16425700
2014-03-11 01:00,624.23,7803983008,12542300
2014-03-12 01:00,638.07,7979719372,20806300
2014-03-13 01:00,639.03,7994472985,12866600
2014-03-14 01:00,629.67,7879611671,11939800
2014-03-15 01:00,638.07,7987471922,5963930
2014-03-16 01:00,629.55,7883319532,4834240
2014-03-17 01:00,623.705,7812934238,13371500
2014-03-18 01:00,612.622,7676276184,23217800
2014-03-19 01:00,610.636,7653772688,15227500
2014-03-20 01:00,592.07,7423640092,20048500
2014-03-21 01:00,582.303,7303695511,38053400
2014-03-22 01:00,561.22,7041711523,17983700
2014-03-23 01:00,567.779,7127031703,10283000
2014-03-24 01:00,571.418,7175538679,17185800
2014-03-25 01:00,582.55,7317439677,18634700
2014-03-26 01:00,584.442,7343002343,17583200
2014-03-27 01:00,567.64,7133333206,22316700
2014-03-28 01:00,503.661,6331497248,79571600
2014-03-29 01:00,502.302,6317113200,26810900
2014-03-30 01:00,469.938,5912148997,17867800
2014-03-31 02:00,457.399,5756309240,56838500
2014-04-01 02:00,478.7163,6023351178,35685800
2014-04-02 02:00,437.515,5506313797,49647600
2014-04-03 02:00,447.0822,5604036051,40765500
2014-04-04 02:00,448.8792,5641613449,22925500
2014-04-05 02:00,464.8259,5824866676,13404500
2014-04-06 02:00,460.7028,5808861023,10241400
2014-04-07 02:00,457.792,5775641210,9802770
2014-04-08 02:00,450.4638,5718579640,10921600
2014-04-09 02:00,440.1983,5589580215,13204400
2014-04-10 02:00,360.8407,4611917257,55868300
2014-04-11 02:00,420.0563,5318033925,62562800
2014-04-12 02:00,420.66,5321874506,19226500
2014-04-13 02:00,414.9495,5234667259,22493500
2014-04-14 02:00,457.6338,5802302128,50730200
2014-04-15 02:00,520.1233,6522974948,49561000
2014-04-16 02:00,529.1625,6674473792,56480100
2014-04-17 02:00,494.4,6278792387,34025500
2014-04-18 02:00,478.2312,6074116360,19042400
2014-04-19 02:00,501.5515,6353700029,19588200
2014-04-20 02:00,497.3177,6312896984,12103100
2014-04-21 02:00,492.6733,6284666435,15171400
2014-04-22 02:00,484.8533,6187034895,9770190.335015288
2014-04-23 02:00,487.525,6231920621,8412033.043193607
2014-04-24 02:00,494.2733,6350012525,9512215.003743047
2014-04-25 02:00,458.8067,5857079867,44062361.80745845
2014-04-26 02:00,453.8,5822776642,11997979.867558926
2014-04-27 02:00,437.9216,5542720307,9760121.834963577
2014-04-28 02:00,436.92,5593864954,20781687.97683261
2014-04-29 02:00,443.27,5683724524,15011935.551518673
2014-04-30 02:00,444.9968,5690810165,13054745.683608102
2014-05-01 02:00,455.0913,5821425472,11953625.134976294
2014-05-02 02:00,443.4734,5716625927,8165770.147874059
2014-05-03 02:00,434.0333,5570422954,9446958.635517636
2014-05-04 02:00,433.9432,5554777406,5229830.630972039
2014-05-05 02:00,429.0761,5518951942,8567756.392353557
2014-05-06 02:00,426.7634,5463474513,10822749.124633348
2014-05-07 02:00,439.3,5590798951,16360711.036365218
2014-05-08 02:00,437.3633,5609810850,8491458.546028852
2014-05-09 02:00,447.4933,5730133343,8820053.293163313
2014-05-10 02:00,452.505,5795543101,5529665.186791251
2014-05-11 02:00,436.2833,5598956479,11522907.034093864
2014-05-12 02:00,439.19,5633629021,5903393.674349334
2014-05-13 02:00,437.305,5625308533,5619474.108984868
2014-05-14 02:00,444.2467,5669111766,6764834.29138491
2014-05-15 02:00,444.25,5712906334,6219944.38500291
2014-05-16 02:00,445.165,5725217915,5292980.730698652
2014-05-17 02:00,445.8533,5737967927,2642092.2130057854
2014-05-18 02:00,444.2133,5706165793,7828552.781743507
2014-05-19 02:00,443.87,5706978471,11697296.019628461
2014-05-20 02:00,483.4167,6214911439,59415447.482920215
2014-05-21 02:00,488.7717,6294422409,20125942.252461053
2014-05-22 02:00,522.6083,6716604600,28758404.007310245
2014-05-23 02:00,524.475,6662964359,30253343.70043255
2014-05-24 02:00,523.1083,6727963028,10236386.684289353
2014-05-25 02:00,569.3767,7325371780,43762384.55551313
2014-05-26 02:00,579.6217,7479335238,26174591.715237826
2014-05-27 02:00,569.475,7325147499,33059214.23635299
2014-05-28 02:00,571.5533,7402205099,15739188.285988351
2014-05-29 02:00,565.26,7290260762,14362990.94411866
2014-05-30 02:00,621.1467,7897757908,42271699.63749006
2014-05-31 02:00,620.5,8007248676,18656368.10083591
2014-06-01 02:00,640.1617,8094125581,53565199.679242626
2014-06-02 02:00,656.41,8487587033,41153743.55147136
2014-06-03 02:00,667.3683,8580309812,37419432.11298669
2014-06-04 02:00,641.1833,8249183077,43722721.85640881
2014-06-05 02:00,658.1,8478552324,24809749.5691626
2014-06-06 02:00,648.63,8409353268,14032413.3666774
2014-06-07 02:00,651.7083,8428206589,12954147.496912882
2014-06-08 02:00,649.8983,8445489607,6819173.803153491
2014-06-09 02:00,643.905,8290260777.375,15165258.001682783
2014-06-10 02:00,649.0567,8359493314.815,13698528.103743391
2014-06-11 02:00,630.0367,8116778557.0175,20706208.81438605
2014-06-12 02:00,567.175,7309311839.375,41032286.05220322
2014-06-13 02:00,594.6833,7666330027.785,37950646.151919045
2014-06-14 02:00,570.0033,7350662806.2225,33752601.59059282
2014-06-15 02:00,583.41,7526353631.25,19377536.876052536
2014-06-16 02:00,592.52,7646618730,25803391.330629352
2014-06-17 02:00,607.1583,7838352937.170001,14064824.78230287
2014-06-18 02:00,604.19,7802403926.750001,14955835.77044088
2014-06-19 02:00,593.3883000000002,7665345555.277503,11266428.30113169
2014-06-20 02:00,590.055,7625133251.249999,14899960.97248743
2014-06-21 02:00,591.2567,7643411863.58,8304999.789508111
2014-06-22 02:00,595.0367,7694627830.545,9952321.043074599
2014-06-23 02:00,586.1482999999998,7582634214.4124975,11249420.61918756
2014-06-24 02:00,582.4149999999998,7537047075.374997,11613405.81708644
2014-06-25 02:00,561.4716999999999,7268686297.067499,18237241.345597345
2014-06-26 02:00,579.5867,7505647765,12733876.653646294
2014-06-27 02:00,598.2367,7750006889.325,19906418.825948466
2014-06-28 02:00,594.8717000000001,7709210052.5650015,13624207.397432778
2014-06-29 02:00,598.4883,7758488114.8425,8878656.403461741
2014-06-30 02:00,637.7549999999999,8269625590.124999,47015974.05882847
2014-07-01 02:00,643.9350000000001,8351853048.375001,38496541.685756736
2014-07-02 02:00,648.1075000000002,8408206448.562503,25992122.167154185
2014-07-03 02:00,640.2838000000003,8308930858.410004,18539083.74715486
2014-07-04 02:00,627.1288,8140821665.68,22418156.550761543
2014-07-05 02:00,627.5812999999999,8149049043.304998,9292051.769341238
2014-07-06 02:00,631.0025,8195697095.937501,11187211.133814601
2014-07-07 02:00,619.4950000000002,8048556476.875003,18525910.64620546
2014-07-08 02:00,620.0474999999996,8058075305.249995,9269839.610474609
2014-07-09 02:00,620.16,8060033472,9329941.299859986
2014-07-10 02:00,615.1275000000002,7994627579.250003,15009203.935868405
2014-07-11 02:00,630.8350000000002,8198773244.500003,15836826.82458833
2014-07-12 02:00,633.6389951679741,8235215928.499609,13267457.870885218
2014-07-13 02:00,627.4623228193354,8154939570.986056,11435029.121800043
2014-07-14 02:00,618.2050265064788,8034625267.996753,2646077079.3567286
2014-07-15 02:00,618.9524999999999,8044339956.749999,10776372.317991683
2014-07-16 02:00,614.1474999999997,7981890813.249996,13679053.322608326
2014-07-17 02:00,622.8950000000001,8095579446.500001,14637445.280315427
2014-07-18 02:00,627.0188000000003,8173252759.880004,14086517.690069783
2014-07-19 02:00,626.1763000000001,8165088481.480001,7640657.031253545
2014-07-20 02:00,620.5138,8093609698.919999,4767570.26288198
2014-07-21 02:00,619.9088000000002,8088074095.3600025,8225443.991691393
2014-07-22 02:00,619.0062999999999,8078589320.669999,7698580.9229142675
2014-07-23 02:00,617.9425000000001,8066930366.250001,9043046.013458895
2014-07-24 02:00,599.8088,7832303310.4,24703385.252356224
2014-07-25 02:00,600.0963000000002,7837677745.410003,20256797.398241412
2014-07-26 02:00,593.7750000000001,7758026640.000001,11443452.28870578
2014-07-27 02:00,590.3788,7715896688.72,9300140.74662901
2014-07-28 02:00,585.2787999999998,7651364384.369997,23117898.15816101
2014-07-29 02:00,581.7138,7607013191.22,11790372.332249207
2014-07-30 02:00,560.7912999999999,7335781094.212499,18397948.917774394
2014-07-31 02:00,583.1821057431899,7630850376.333778,23252091.391060743
2014-08-01 02:00,593.8655273953669,7773046501.525218,22927176.796534866
2014-08-02 02:00,588.2306991611412,7701689838.349342,9260582.608232379
2014-08-03 02:00,585.5731940766995,7669135008.183718,9179432.125804095
2014-08-04 02:00,586.3686859113967,7681459103.873592,11325982.78547038
2014-08-05 02:00,582.4186267649761,7631722475.814864,13046784.254992407
2014-08-06 02:00,583.3249999999999,7645917854.374999,12769922.201948395
2014-08-07 02:00,587.2031590188054,7699128899.554043,11942668.461052554
2014-08-08 02:00,590.9072702245192,7749970439.220903,12277588.527439365
2014-08-09 02:00,588.1078559835756,7716004475.897311,7934876.355063622
2014-08-10 02:00,588.5004825541756,7723612745.649575,8504716.676129557
2014-08-11 02:00,573.4063,7528222642.385,16394404.861505693
2014-08-12 02:00,567.4023482208208,7451879444.947211,15825348.317337945
2014-08-13 02:00,543.6674999999999,7142146355.812499,36644669.931792624
2014-08-14 02:00,503.7087999999998,6619438824.319998,46265624.62553175
2014-08-15 02:00,492.2844982828295,6470895123.240938,31123413.362281278
2014-08-16 02:00,521.0463000000001,6851511348.007502,27941383.427219495
2014-08-17 02:00,494.7813,6508254263.94,28596111.80240412
2014-08-18 02:00,459.8863000000001,6051494358.652501,60758484.534893334
2014-08-19 02:00,484.1549999999999,6373125926.999999,45173284.02810885
2014-08-20 02:00,514.1863000000001,6770599523.880001,55122051.107402146
2014-08-21 02:00,515.605,6791368598.25,47111104.07847081
2014-08-22 02:00,515.8263000000001,6796320998.280002,34159957.60252427
2014-08-23 02:00,496.5688000000001,6544627813.360002,23986341.558129977
2014-08-24 02:00,508.1138,6698642065.23,18509793.266628254
2014-08-25 02:00,500.3863,6598469041.525,15737842.720394537
2014-08-26 02:00,510.6387999999999,6735887474.679998,21288943.923400816
2014-08-27 02:00,510.4463,6735479301.2325,21505988.92038193
2014-08-28 02:00,506.9150000000001,6691049888.250001,18467248.48861226
2014-08-29 02:00,508.0963,6708840033.1625,16001723.62834569
2014-08-30 02:00,501.5300000000001,6624308546.000001,10747408.658269238
2014-08-31 02:00,480.0262999999999,6342575501.242498,43358429.758384064
2014-09-01 02:00,475.8200000000002,6288710716.500003,19343751.807486504
2014-09-02 02:00,474.6938,6275487638.035,21083352.224831242
2014-09-03 02:00,474.7263000000001,6277994218.035002,14233663.71176932
2014-09-04 02:00,489.5475000000001,6475917910.312501,23597497.056552686
2014-09-05 02:00,480.2425000000001,6354592772.125001,14058803.04997312
2014-09-06 02:00,482.3588,6384706079.29,9776900.705157386
2014-09-07 02:00,480.6025,6363333295.8125,7748654.382831849
2014-09-08 02:00,471.1250000000001,6239603056.250001,27618107.417669404
2014-09-09 02:00,471.7538,6249605640.88,20218609.30319999
2014-09-10 02:00,477.1138,6322521232.08,20792329.424092777
2014-09-11 02:00,476.3775000000001,6314752955.062501,14579193.13186878
2014-09-12 02:00,473.6874999999999,6280918617.187499,13395857.32409978
2014-09-13 02:00,476.0013,6313764543.4275,14007703.004896387
2014-09-14 02:00,474.795,6299010306,11468703.326540692
2014-09-15 02:00,473.0313,6278083239.3825,12723496.884358438
2014-09-16 02:00,462.5925,6141505242.9375,16956832.82370955
2014-09-17 02:00,454.6238000000001,6037835956.610002,23179362.991400693
2014-09-18 02:00,423.565,5627251629.25,48338347.98438927
2014-09-19 02:00,393.2624999999999,5226301319.999999,47766762.1622319
2014-09-20 02:00,408.5025,5430693510.375,47847915.31720254
2014-09-21 02:00,396.62,5274312253,32843840.15919743
2014-09-22 02:00,398.3113000000001,5298466363.772501,24225299.2144736
2014-09-23 02:00,433.7512999999999,5771559860.494999,57448184.246617585
2014-09-24 02:00,420.92,5602424154,32689372.436466075
2014-09-25 02:00,407.9775,5431965426.5625,30733509.96720748
2014-09-26 02:00,402.88,5365475264,23707503.068168852
2014-09-27 02:00,398.0074999999999,5301867857.687499,16698720.05207724
2014-09-28 02:00,375.9887999999999,5009825166.719998,29504744.82791448
2014-09-29 02:00,373.0888,4972406272.54,37668363.03976922
2014-09-30 02:00,387.3512999999999,5164012591.079999,34519038.81008948
2014-10-01 02:00,380.8949999999999,5079406227.749999,26019381.155069035
2014-10-02 02:00,371.8413,4959944620.5375,19867284.508463353
2014-10-03 02:00,356.1899999999999,4752500693.999999,29080111.339532
2014-10-04 02:00,327.8813,4376051376.385,44971218.61630971
2014-10-05 02:00,325.1099999999999,4340421693.749999,81809696.99023308
2014-10-06 02:00,328.73,4390074094.5,75997580.13997829
2014-10-07 02:00,331.7238,4431199692.78,43924704.45993865
2014-10-08 02:00,353.3901000000001,4721892499.170001,50777426.825353265
2014-10-09 02:00,358.395,4790047733.625,80036548.33990295
2014-10-10 02:00,357.5549999999999,4780224305.999999,42046080.75021416
2014-10-11 02:00,359.515,4807704216.25,32266988.405666195
2014-10-12 02:00,374.1675000000001,5005060917.937501,30739066.019255087
2014-10-13 02:00,387.0387999999999,5178714607.579999,55435747.92234496
2014-10-14 02:00,398.2888,5330587769.78,71417120.06933361
2014-10-15 02:00,392.1900000000001,5250404406.000001,49257724.14281866
2014-10-16 02:00,379.3912999999999,5080504776.5599985,48941848.6690588
2014-10-17 02:00,380.2925,5093875427.8125,38063635.90178972
2014-10-18 02:00,389.1163,5213672024.625,43799624.062763646
2014-10-19 02:00,386.945,5185875584.5,32870166.09728563
2014-10-20 02:00,379.7699999999999,5090987746.499999,32186402.177928016
2014-10-21 02:00,382.4137999999999,5127920489.029999,33195457.629108418
2014-10-22 02:00,379.4425000000001,5089595057.375001,22279085.760041673
2014-10-23 02:00,356.2000000000001,4779135400.000001,48354309.486003265
2014-10-24 02:00,354.3175000000001,4755312883.375001,32650701.35283577
2014-10-25 02:00,347.0304940564094,4658797625.083782,35098508.122770295
2014-10-26 02:00,350.1888000000001,4702361470.560001,27618300.827371847
2014-10-27 01:00,348.29,4678274816.25,40322147.37977852
2014-10-28 01:00,351.5638000000001,4723453013.090001,26517269.319478102
2014-10-29 01:00,333.1474999999999,4477252539.374999,43376134.310925096
2014-10-30 01:00,343.6674999999999,4620136994.687499,59854847.07670034
2014-10-31 01:00,336.5879758057807,4526519245.630091,30524273.859307867
2014-11-01 01:00,323.9763,4358250678.7125,38569972.59373859
2014-11-02 01:00,323.9849999999999,4359606956.999999,28711350.70534258
2014-11-03 01:00,323.995,4361102298,40772300.42284785
2014-11-04 01:00,328.0083,4416492355.9725,35073797.880440444
2014-11-05 01:00,337.5933,4546689684.735,44434915.106879316
2014-11-06 01:00,347.8183,4685738573.94,43131102.62856433
2014-11-07 01:00,341.2317,4598267773.35,40263476.29477718
2014-11-08 01:00,344.1783,4639316977.02,30212775.72296773
2014-11-09 01:00,363.4241291015933,4900092960.69292,51466025.86583119
2014-11-10 01:00,363.7649999999999,4906043990.249999,62274660.836041614
2014-11-11 01:00,366.15,4939381807.5,45679773.63975148
2014-11-12 01:00,418.5783,5648170006.71,234617998.94235379
2014-11-13 01:00,414.7083,5597421602.175,338849744.1846642
2014-11-14 01:00,395.245,5336222507.25,263499968.5892329
2014-11-15 01:00,377.3267,5095655585.9875,99179350.3470273
2014-11-16 01:00,387.6233,5236180276.3025,95731301.28432417
2014-11-17 01:00,384.9,5200788045,152824089.08328944
2014-11-18 01:00,374.8683,5066663712.555,109440633.05073106
2014-11-19 01:00,376.7883,5093942323.3125,84367865.3742223
2014-11-20 01:00,355.3888345541618,4805825477.746428,93722502.0366924
2014-11-21 01:00,349.3882854323945,4725799744.63716,100624477.55914839
2014-11-22 01:00,351.5500000000001,4756418767.500001,68856354.94119315
2014-11-23 01:00,366.7817,4963794289.2375,71063869.31374641
2014-11-24 01:00,377.7417,5113527167.07,116848548.38822386
2014-11-25 01:00,375.248,5080998638,115570302.47559404
2014-11-26 01:00,365.7660000000001,4953852406.650002,92282203.67741974
2014-11-27 01:00,368.448,4991429534.4,70974036.26141815
2014-11-28 01:00,376.951,5108072424.775,91254232.81791146
2014-11-29 01:00,374.9649999999999,5082659949.124999,100952560.51474999
2014-11-30 01:00,376.472,5104546200.8,74926943.90674321
2014-12-01 01:00,379.489,5146696228.575,64120830.50054466
2014-12-02 01:00,381.3768000000001,5173729065.540001,66841251.26995943
2014-12-03 01:00,374.103,5076166196.7,74772912.71073525
2014-12-04 01:00,368.2282000000001,4997777244.500001,62639548.33058211
2014-12-05 01:00,376.379,5109881265.075,57857463.42592923
2014-12-06 01:00,373.671,5074368104.025,48428933.75856517
2014-12-07 01:00,374.448,5086108461.6,38514374.875024594
2014-12-08 01:00,361.433,4910799206.825,66593741.913184226
2014-12-09 01:00,350.9280000000001,4769269437.600001,88924869.65991856
2014-12-10 01:00,346.9798718363186,4716905099.220487,59696950.62553664
2014-12-11 01:00,346.9089999999999,4717173182.024999,118502898.82834333
2014-12-12 01:00,351.502,4780796277.1,50698218.39649164
2014-12-13 01:00,347.484,4727528507.1,38735004.41273056
2014-12-14 01:00,350.133,4764706150.575,44354135.28957544
2014-12-15 01:00,344.615,4690951072.25,30644200.622725755
2014-12-16 01:00,328.5340000000001,4473187530.400002,71798679.48126574
2014-12-17 01:00,318.828,4342046795.7,76239460.27345972
2014-12-18 01:00,309.765,4219673038.875,90976235.79233617
2014-12-19 01:00,317.54,4326569823.5,60607669.3459044
2014-12-20 01:00,328.7740000000001,4480153981.900002,64328493.85057997
2014-12-21 01:00,319.501,4353792201.85,58024786.31176
2014-12-22 01:00,329.886,4498284260.25,51126866.96604784
2014-12-23 01:00,333.97,4555334101.5,58571793.10819222
2014-12-24 01:00,322.194,4395934387.5,37974791.61572064
2014-12-25 01:00,318.166,4342234118.2,75362825.06098935
2014-12-26 01:00,327.7169708710151,4473844613.694206,93256490.21344973
2014-12-27 01:00,314.568,4295536138.8,145862961.0588076
2014-12-28 01:00,316.491,4322768586.675,67051620.38671447
2014-12-29 01:00,312.6329999999999,4271645363.8499985,99471184.46915883
2014-12-30 01:00,310.079,4237996980.525,71609763.01677348
2014-12-31 01:00,317.379,4338943850.325,71036111.34880373
2015-01-01 01:00,313.9920000000001,4293958347.0000014,46999364.08867299
2015-01-02 01:00,314.446,4301448334.7,38855906.30053607
2015-01-03 01:00,286.572,3921358112.1,118778941.40912902
2015-01-04 01:00,260.936,3571639780.8,205500148.96968707
2015-01-05 01:00,273.22,3740880426.5,155038125.45582142
2015-01-06 01:00,285.3738000000001,3908408221.3500013,97002895.97640781
2015-01-07 01:00,295.8725,4053238742.4375,110674232.97875299
2015-01-08 01:00,284.4525,3897824162.25,86570544.47058573
2015-01-09 01:00,289.5738000000001,3968992614.2850013,83478400.2771182
2015-01-10 01:00,274.533,3763909199.925,92683835.63260388
2015-01-11 01:00,267.184,3664201453.6,73256737.91089578
2015-01-12 01:00,268.353667700943,3681154854.371071,78982214.88677162
2015-01-13 01:00,221.436,3038251389.3,215752219.9219919
2015-01-14 01:00,172.1479,2362639549.8525,236006920.8178313
2015-01-15 01:00,210.5559,2890521922.995,257637517.29041365
2015-01-16 01:00,205.816,2826188131,176217465.4940408
2015-01-17 01:00,199.4914,2740019366.285,106431481.13147792
2015-01-18 01:00,208.9892,2871292169.34,118664232.7276146
2015-01-19 01:00,214.545,2948379298.875,105545327.33818196
2015-01-20 01:00,210.5137,2893626589.035,94312137.93638834
2015-01-21 01:00,224.0451,3080429686.665,99166469.19882473
2015-01-22 01:00,232.0423000000001,3191202338.1525016,151229886.42783546
2015-01-23 01:00,232.898,3203686663.5,126038219.2115576
2015-01-24 01:00,248.096,3413521852,134933345.06544757
2015-01-25 01:00,253.8388999999999,3493324595.8274984,142426844.88892275
2015-01-26 01:00,271.2882000000001,3734336330.6400013,401755946.5274641
2015-01-27 01:00,259.2356,3568728002.06,339951744.7443284
2015-01-29 01:00,232.5329422304941,3203612158.433073,161971565.54864252
2015-01-30 01:00,228.6354,3150704413.815,105832532.60469383
2015-01-31 01:00,218.0233,3005342178.85,92459195.63435939
2015-02-01 01:00,226.2697,3119897131.48,100844154.3350744
2015-02-02 01:00,240.0193,3310466195.25,108043831.20772208
2015-02-03 01:00,226.0119,3117998019.1275,135790231.88905972
2015-02-04 01:00,225.3083,3109175682.095,83155505.15562138
2015-02-05 01:00,216.9136,2994172300.44,74142168.01402433
2015-02-06 01:00,222.4872,3072075446.7,88164946.84338237
2015-02-07 01:00,227.2050999999999,3138151161.072499,80694160.19495533
2015-02-08 01:00,222.9061,3079497925.3725,76979240.31280218
2015-02-09 01:00,220.0922,3041547650.985,79154588.47482522
2015-02-10 01:00,220.6493,3049996660.2725,66708973.92079521
2015-02-11 01:00,219.0956,3029418429.03,65150873.75436823
2015-02-12 01:00,222.0401587875259,3070809845.0275135,51632481.43908263
2015-02-13 01:00,235.6774,3260249204.835,137045816.2260813
2015-02-14 01:00,259.0086000000001,3584044452.9300013,165435433.7487849
2015-02-15 01:00,232.9962,3224923703.82,199965387.6619376
2015-02-16 01:00,235.9199,3266299219.505,128976204.99927545
2015-02-17 01:00,242.4568,3357729670.42,121468767.5434641
2015-02-18 01:00,234.6238,3250184845.45,88821471.77949807
2015-02-19 01:00,240.2988,3329826479.07,71396084.8246788
2015-02-20 01:00,244.0821,3383185375.785,80482172.09597999
2015-02-21 01:00,244.1459,3384954726.9025,64143296.199941635
2015-02-22 01:00,235.5529999999999,3266702003.4249988,74180476.06972592
2015-02-23 01:00,238.1319,3303312137.1225,61755698.92656742
2015-02-24 01:00,238.7314,3312404143.285,58732103.48183354
2015-02-25 01:00,237.378,3294575196.45,57584610.05522578
2015-02-26 01:00,236.1711557723409,3278687399.961783,44991044.50687964
2015-02-27 01:00,253.8991,3525782547.105,137186494.71170896
2015-02-28 01:00,253.5991,3522504178.955,85884430.30666418
2015-03-01 01:00,257.7075,3580465593.9375,58106060.44444854
2015-03-02 01:00,269.9614999999999,3751796695.2874985,93658288.66772273
2015-03-03 01:00,280.6241999999999,3901083285.0899987,128754965.89965025
2015-03-04 01:00,273.0192999999999,3796353842.947499,119553919.98697218
2015-03-05 01:00,274.8255,3822334889.7375,98543018.35211967
2015-03-06 01:00,272.3412999999999,3788784931.469999,74704492.0402275
2015-03-07 01:00,275.5846387340832,3834877371.4562297,50059694.67622344
2015-03-08 01:00,274.578,3821054905.8,45050575.22814669
2015-03-09 01:00,289.2957000000001,4027806171.9600015,111062141.12648012
2015-03-10 01:00,290.3057,4043022165.1175,129285347.54407713
2015-03-11 01:00,295.961,4122115211.9,73794326.12201199
2015-03-12 01:00,293.9203,4095470764.185,65277495.588918425
2015-03-13 01:00,288.0364999999999,4014523120.5749984,67739327.34903467
2015-03-14 01:00,281.4887,3924198780.6125,63244191.82668233
2015-03-15 01:00,285.2645,3977863688.6375,32203956.61897762
2015-03-16 01:00,290.0955000000001,4046186762.5125012,60818266.22008967
2015-03-17 01:00,284.3491,3967004055.1925,50540130.74794698
2015-03-18 01:00,255.6062,3566978130.845,123648767.77025563
2015-03-19 01:00,260.0037,3629235646.08,133194355.06279549
2015-03-20 01:00,260.9075,3642718765.4375,59404464.50294682
2015-03-21 01:00,259.4899,3623906198.45,54148215.13499707
2015-03-22 01:00,267.7980999999999,3740905133.6624985,51503307.06679215
2015-03-23 01:00,266.0272,3717118257.44,73040649.64393184
2015-03-24 01:00,245.1679,3426730125.8925,153991184.32363835
2015-03-25 01:00,246.2715,3443109527.925,175875957.5910767
2015-03-26 01:00,247.5595,3462026772.6875,148675593.25572366
2015-03-27 01:00,247.1476,3457360133.78,90325941.05609
2015-03-28 01:00,252.0497,3526137495.545,82125758.55914597
2015-03-29 01:00,241.9136999999999,3384336375.9449987,84472855.7931449
2015-03-30 02:00,246.5418,3449082800.73,96641741.12450412
2015-03-31 02:00,243.2692000000001,3403299617.6200013,76545513.49477836
2015-04-01 02:00,246.7755,3456621444.825,78230800.04911813
2015-04-02 02:00,252.341,3535619144.775,95206093.35512507
2015-04-03 02:00,253.6226999999999,3554522140.4999986,94243302.29425739
2015-04-04 02:00,253.3213,3551247974.375,63959131.20365665
2015-04-05 02:00,259.7117999999999,3641795729.9099984,82969308.75347461
2015-04-06 02:00,255.4233,3582471422.0625,83832524.03554013
2015-04-07 02:00,253.2085,3551882233.75,88508043.4273131
2015-04-08 02:00,244.2709,3427768044.885,106548662.28337547
2015-04-09 02:00,243.2006548544864,3413570471.5539427,93749435.17178354
2015-04-10 02:00,234.5253,3292518276.0975,110710603.09814687
2015-04-11 02:00,236.4501,3319540687.6575,87634999.71721902
2015-04-12 02:00,235.7386,3309551885.795,62271722.260468975
2015-04-13 02:00,223.9464,3146530899.9,87796699.14598
2015-04-14 02:00,217.9995,3063792222.9375,109539415.0915327
2015-04-15 02:00,223.0161,3134965194.7125,71588917.36395298
2015-04-16 02:00,227.9995,3205775569.775,88471192.53868681
2015-04-17 02:00,222.4171382852381,3127985665.9882746,101386584.09915563
2015-04-18 02:00,222.9536999999999,3136367731.6949987,70165374.02114585
2015-04-19 02:00,222.6812,3133241391.63,58633108.40665714
2015-04-20 02:00,224.3086,3157115506.425,63561423.223313816
2015-04-21 02:00,234.6867000000001,3304071908.9550014,80763824.9531341
2015-04-22 02:00,233.7807,3292205018.715,72515582.86551493
2015-04-23 02:00,235.1735,3312571610.275,55130032.39951651
2015-04-24 02:00,230.9863,3254290910.1525,73282646.18860614
2015-04-25 02:00,225.9568,3184369639.96,58830426.88734985
2015-04-26 02:00,218.5065,3080176877.25,96999963.63035093
2015-04-27 02:00,228.5712,3222813920.04,95409417.4905671
2015-04-28 02:00,225.6422999999999,3182408229.6824985,71643965.12343475
2015-04-29 02:00,225.9978,3188139664.71,56781693.77813109
2015-04-30 02:00,236.2208,3333116826.64,103785827.2593271
2015-05-01 02:00,232.7402999999999,3284896594.1999984,74708330.707501
2015-05-02 02:00,235.1563,3319854338.695,61431426.38713984
2015-05-03 02:00,239.882,3387421698.4,86630763.25450982
2015-05-04 02:00,238.9705999999999,3375292445.5799985,84138462.79309112
2015-05-05 02:00,236.0015000000001,3334246892.1125016,71871894.07356025
2015-05-06 02:00,229.8152,3246886599.4,70623213.73756033
2015-05-07 02:00,236.8450000000001,3346205371.2500014,74887945.15831198
2015-05-08 02:00,243.657,3442447010.25,79882346.22687149
2015-05-09 02:00,241.5321,3412425891.825,79529081.71071678
2015-05-10 02:00,239.5548,3384490103.1,67810639.80677219
2015-05-11 02:00,241.8506,3416925739.45,70787411.31238237
2015-05-12 02:00,241.5189000000001,3412239398.9250016,60882937.62553394
2015-05-13 02:00,235.4793,3326910420.225,50100818.287086904
2015-05-14 02:00,236.704,3344213288,56975125.501362815
2015-05-15 02:00,236.9908,3348265270.1,39256136.30427565
2015-05-16 02:00,235.9781,3333957591.325,26856157.042346757
2015-05-17 02:00,236.0847,3335463662.775,24401603.48024925
2015-05-18 02:00,232.4757,3284474808.525,33772801.85844162
2015-05-19 02:00,231.9446000000001,3276971294.9500012,31085021.505248632
2015-05-20 02:00,234.048,3306688656,28778007.286285885
2015-05-21 02:00,235.4204999999999,3326079679.1249986,27373179.763544746
2015-05-22 02:00,240.9352,3419033119.26,54518478.95936304
2015-05-23 02:00,239.0329940983288,3392690898.43522,47757592.65993454
2015-05-24 02:00,241.2417000000001,3424926508.0275016,29761665.976133663
2015-05-25 02:00,237.441,3371792792.55,30834563.231427405
2015-05-26 02:00,237.4971,3373426620.6825,30268982.762250736
2015-05-27 02:00,237.2305,3370470121.0375,30728765.83133291
2015-05-28 02:00,237.4891000000001,3374927913.9625015,26801090.327187903
2015-05-29 02:00,237.0714,3369940317.075,31108417.12996518
2015-05-30 02:00,233.4572,3319341161.04,31403744.863089006
2015-05-31 02:00,229.6785,3266430207.375,23353985.64778831
2015-06-01 02:00,223.3178,3176729202.67,43602264.82379089
2015-06-02 02:00,225.7387,3212024675.365,32062237.057725612
2015-06-03 02:00,225.4831,3208477948.985,30472196.11636243
2015-06-04 02:00,224.1748,3189861690.38,29003069.45899297
2015-06-05 02:00,224.7413,3197922617.155,32252691.587104306
2015-06-06 02:00,225.2889,3205714609.215,18238445.735281847
2015-06-07 02:00,223.6157,3181906060.795,24133822.467004918
2015-06-08 02:00,228.7013000000001,3254270843.1550016,40449914.18863471
2015-06-09 02:00,229.5263999999999,3266011479.8399987,36746856.38036806
2015-06-10 02:00,229.0022,3258552454.57,29194036.771787077
2015-06-11 02:00,229.9343000000001,3271815631.7050014,28833233.41266869
2015-06-12 02:00,230.5181,3280122726.235,29722314.849446375
2015-06-13 02:00,232.6301,3310175113.435,29012321.272587787
2015-06-14 02:00,233.6681,3324945178.735,35303170.71466479
2015-06-15 02:00,237.2013,3375220318.155,46839294.423419096
2015-06-16 02:00,250.4743,3564086480.705,96364192.87222852
2015-06-17 02:00,247.6944000000001,3524530310.6400013,100630046.35212404
2015-06-18 02:00,248.5519999999999,3536733401.1999984,67360540.67947954
2015-06-19 02:00,242.9967,3457685093.145,60767655.66479779
2015-06-20 02:00,245.4754,3492955382.99,55692672.674818866
2015-06-21 02:00,243.9959,3488836375.125,26531885.052744597
2015-06-22 02:00,247.2790000000001,3536683169.6000013,41166801.74969953
2015-06-23 02:00,243.8486,3488498071.6,37387508.430996
2015-06-24 02:00,240.5377000000001,3442040366.0175014,39616260.29622073
2015-06-25 02:00,242.4769,3470729479.685,34244051.08008979
2015-06-26 02:00,242.4819,3471728541.2025,34005665.062683985
2015-06-27 02:00,250.621,3589074420.225,49080095.21505225
2015-06-28 02:00,248.3451,3557369715.93,40522516.655076645
2015-06-29 02:00,256.3038739667178,3672257830.226641,73197757.00524
2015-06-30 02:00,262.4063254601778,3760650012.699992,99893250.06832577
2015-07-01 02:00,257.5058,3691294141.84,68104997.64448473
2015-07-02 02:00,254.6537509187558,3651410104.6425366,52711167.626877494
2015-07-03 02:00,255.161,3659678537.625,42339288.96608291
2015-07-04 02:00,260.415,3736024266.375,42932957.07889688
2015-07-05 02:00,271.0401208003443,3889432509.487961,96139966.48557808
2015-07-06 02:00,268.595,3855533497.75,111884711.19735701
2015-07-07 02:00,265.3844519614875,3810376692.0404396,64748934.30717278
2015-07-08 02:00,269.6130164214266,3871966451.4313917,79366281.26047984
2015-07-09 02:00,268.8928000000001,3862503903.2800016,75940632.19947487
2015-07-10 02:00,285.0223,4095521056.4875,113799594.1409435
2015-07-11 02:00,291.8907431569518,4195301867.783395,114394387.16569845
2015-07-12 02:00,310.1915636277567,4459352692.658084,115546321.24017799
2015-07-13 02:00,290.6655,4179711756.9,130058766.78659293
2015-07-14 02:00,286.6653999999999,4122384618.0649986,74446013.37027897
2015-07-15 02:00,283.9491880809251,4084701354.030234,52932167.70111447
2015-07-16 02:00,276.6800999999999,3981564979.0499988,97423601.54430674
2015-07-17 02:00,278.3728,4007009432.32,60573486.78209071
2015-07-18 02:00,274.4838999999999,3951120257.4274983,52505422.1849008
2015-07-19 02:00,272.806179588859,3926969933.4822383,26896009.893020075
2015-07-20 02:00,277.2454,3993823954.025,40729476.381133035
2015-07-21 02:00,274.9428876558478,3961652068.233111,43239135.22644978
2015-07-22 02:00,276.1756000000001,3980470592.0700016,43240737.35047461
2015-07-23 02:00,275.6135,3973299338.7,34164576.518917255
2015-07-24 02:00,288.4447167883336,4158911304.5409093,79396118.75259325
2015-07-25 02:00,288.3881586253327,4158095826.323497,54859994.563074075
2015-07-26 02:00,291.7037645294952,4205901558.4920735,40248392.33013304
2015-07-27 02:00,292.6148,4219037232.32,63540197.33148093
2015-07-28 02:00,293.9933,4238912996.72,63623601.6003042
2015-07-29 02:00,288.7194990885924,4162873225.658961,52624701.467293404
2015-07-30 02:00,286.8366,4135724833.44,43880110.290356554
2015-07-31 02:00,283.6760591480217,4090154891.219836,63971590.58757594
2015-08-01 02:00,280.7014,4047265065.76,53533745.82603215
2015-08-02 02:00,281.7267,4062048251.28,46165536.822869964
2015-08-03 02:00,281.829870770124,4063535808.711956,41411646.7104373
2015-08-04 02:00,284.2393,4098275923.12,48308760.90560098
2015-08-05 02:00,281.4010623650275,4057353077.6039124,43424335.531163365
2015-08-06 02:00,278.0134,4008508406.56,41914107.67785419
2015-08-07 02:00,278.5088137572824,4015651480.2780004,47637462.16841643
2015-08-08 02:00,259.8007283854695,3745910822.1530533,80056216.9967666
2015-08-09 02:00,264.3384833893257,3811337988.900654,67863178.91055241
2015-08-10 02:00,263.5782,3817350354.96,60783290.21756031
2015-08-11 02:00,269.8668,3909600811.62,64124892.99653497
2015-08-12 02:00,267.7126,3879202423.705,73043602.38810194
2015-08-13 02:00,263.6558186169038,3821420843.637938,57163446.795025095
2015-08-14 02:00,265.1281000000001,3843674745.1425014,61280618.55732058
2015-08-15 02:00,260.4762322897643,3777139796.810643,38131976.86865548
2015-08-16 02:00,257.8158000000001,3739450598.7300014,55868003.65302729
2015-08-17 02:00,257.0634000000001,3729475807.2000012,51730292.4009465
2015-08-18 02:00,253.0766,3672268004.3,49833133.79994442
2015-08-19 02:00,225.9602,3279919634.095,143390129.28370252
2015-08-20 02:00,234.6379,3406736999.8375,99655604.53121857
2015-08-21 02:00,232.3324000000001,3374233144.9200015,62180213.61240129
2015-08-22 02:00,229.1488,3328896176.08,102329840.28166316
2015-08-23 02:00,227.2453999999999,3302029052.6449986,72465770.66977338
2015-08-24 02:00,210.0943850637937,3053595830.271203,139379271.33868462
2015-08-25 02:00,221.3282999999999,3217665292.1924987,183422133.02821282
2015-08-26 02:00,225.2666000000001,3275815633.8700013,144278489.53657845
2015-08-27 02:00,222.9704,3243160210.6,69900344.06948392
2015-08-28 02:00,231.6583,3370431355.445,95134718.75546841
2015-08-29 02:00,228.4683,3324950575.2675,56654306.07150725
2015-08-30 02:00,228.0672,3319968528.72,54615311.643692665
2015-08-31 02:00,230.0781,3350144206.29,58032869.77182835
2015-09-01 02:00,227.1631,3308579439.8025,61479340.23891231
2015-09-02 02:00,228.6427999999999,3331062656.779999,47781609.22090014
2015-09-03 02:00,226.5658,3301579143.195,43765322.15025832
2015-09-04 02:00,230.0509,3353296684.9425,55274502.37627574
2015-09-05 02:00,234.7495,3422635972.525,58712579.1018823
2015-09-06 02:00,239.1288999999999,3487336313.1499987,70113446.29750317
2015-09-07 02:00,240.503,3508277386.75,50336412.979991846
2015-09-08 02:00,243.5587,3553698013.0575,67754768.56019479
2015-09-09 02:00,237.9452,3472697170.03,55993048.11643384
2015-09-10 02:00,238.7763,3485799693.18,48531118.883055605
2015-09-11 02:00,240.0007956438866,3504653618.529092,44294574.3495357
2015-09-12 02:00,234.9098,3431133648.015,40541222.49556373
2015-09-13 02:00,230.5048000000001,3367623264.4200015,46253457.40687432
2015-09-14 02:00,230.21,3364179590.25,52117340.606796384
2015-09-15 02:00,229.9118,3360764475.475,58562863.20358095
2015-09-16 02:00,228.4640000000001,3340446394.8000016,51089489.85407352
2015-09-17 02:00,232.746,3403177100.1,54594105.82680428
2015-09-18 02:00,232.354,3399002106.7,79606359.72514415
2015-09-19 02:00,231.2732999999999,3383904198.1124988,39022087.91012471
2015-09-20 02:00,230.6597,3375670110.545,36477159.2595533
2015-09-21 02:00,226.4528,3314850054.32,36795275.81748264
2015-09-22 02:00,229.8831,3365879385.27,71785978.8373853
2015-09-23 02:00,229.8658,3366614506.8,53526673.23620633
2015-09-24 02:00,233.9255,3426856523.425,124125639.29530513
2015-09-25 02:00,234.9767,3443254571.12,115435785.46487305
2015-09-26 02:00,234.5278999999999,3437534062.2749987,93607431.45305927
2015-09-27 02:00,232.8346999999999,3413577894.9649987,75776526.63573742
2015-09-28 02:00,239.2765,3508852288.5125,245683532.12691057
2015-09-29 02:00,237.2262,3479847405.18,115160470.82095526
2015-09-30 02:00,236.0463,3463401139.065,76056339.96172076
2015-10-01 02:00,237.7358,3489093808.33,72356986.64595664
2015-10-02 02:00,237.2592999999999,3482919072.1399984,84448749.0956819
2015-10-03 02:00,238.9718,3508906579.53,73353042.37453015
2015-10-04 02:00,238.6566,3505203181.935,78899567.08428396
2015-10-05 02:00,240.3238,3530596945.8,107434379.86060317
2015-10-06 02:00,246.444,3621402163.5,135776679.78278795
2015-10-07 02:00,243.2229000000001,3574397657.8275013,121587412.75625242
2015-10-08 02:00,242.9008,3569664084.28,97564224.99277282
2015-10-09 02:00,244.2051,3588832044.4725,109153976.98039407
2015-10-10 02:00,245.3209,3607756618.6475,89165069.70010512
2015-10-11 02:00,247.5392,3640379548.48,79268221.71546365
2015-10-12 02:00,245.5661,3611362597.2775,108125413.61682853
2015-10-13 02:00,249.4051,3667819987.0025,164455688.10166356
2015-10-14 02:00,252.6956,3720285701.44,321865165.91051394
2015-10-15 02:00,254.6295530746221,3749948525.3464403,207297257.62019613
2015-10-16 02:00,262.3735,3864938757.1125,332398256.1656234
2015-10-17 02:00,270.3646,3983558775.515,271593080.8014066
2015-10-18 02:00,262.2345,3864772725.825,116712427.05704656
2015-10-19 02:00,264.2094,3894955159.095,224715633.9081733
2015-10-20 02:00,270.2663999999999,3985078067.9999986,319017395.23033226
2015-10-21 02:00,267.0187,3938178700.69,201630914.85690627
2015-10-22 02:00,273.5729999999999,4035872003.8499985,229034925.6796039
2015-10-23 02:00,277.3883999999999,4093191773.3699985,130573069.75416414
2015-10-24 02:00,282.9566,4176382824.68,168029249.3828648
2015-10-25 02:00,284.749,4203955930.025,336860319.5875912
2015-10-26 01:00,285.5159,4215884952.015,221583939.26366535
2015-10-27 01:00,294.8093999999999,4354732830.689999,329397533.93903714
2015-10-28 01:00,303.6366,4486177628.595,387209571.0614479
2015-10-29 01:00,313.9073,4639133966.8275,543163761.4698877
2015-10-30 01:00,325.8005999999999,4816269544.724998,843340993.2179483
2015-10-31 01:00,312.2783,4617510889.9075,321997491.79856926
2015-11-01 01:00,324.9970999999999,4806796483.202498,582434357.3722049
2015-11-02 01:00,350.7678,5189223756.42,636690229.0056115
2015-11-03 01:00,398.2369,5893149469.89,987283928.3196412
2015-11-04 01:00,404.3588,5985308848.63,984425381.794543
2015-11-05 01:00,387.473,5736789622.45,913505444.7997164
2015-11-06 01:00,372.8260000000001,5521254799.200002,770242854.4761926
2015-11-07 01:00,387.0599999999999,5733490750.499998,462741972.46864593
2015-11-08 01:00,371.5020000000001,5504396533.200002,264157489.62253815
2015-11-09 01:00,380.6439999999999,5641277305.399999,420137368.36575645
2015-11-10 01:00,336.8729999999999,4993780086.524999,620473336.3692106
2015-11-11 01:00,305.9829999999999,4537161821.449999,572707252.5268553
2015-11-12 01:00,337.955,5012582355.5,546923067.4696827
2015-11-13 01:00,337.372,5005284729.2,414918018.06742084
2015-11-14 01:00,331.501,4919391964.75,131135195.6401858
2015-11-15 01:00,320.484,4757160338.7,237800138.65869674
2015-11-16 01:00,331.353,4919473733.625,239442892.6065092
2015-11-17 01:00,335.111,4976968038.7,236625919.2712964
2015-11-18 01:00,335.447,4983266453.2,185981663.2942105
2015-11-19 01:00,325.5680000000001,4837533520.000002,206391901.26959464
2015-11-20 01:00,321.417,4777269083.55,123560944.18387257
2015-11-21 01:00,325.159,4834317690.45,199949522.188539
2015-11-22 01:00,323.395,4809449591.25,167053005.3954258
2015-11-23 01:00,322.8290000000001,4802404204.000002,188739479.4368917
2015-11-24 01:00,319.9789999999999,4761183526.824999,103800161.90899219
2015-11-25 01:00,328.1689999999999,4884311515.724998,714595229.5358595
2015-11-26 01:00,356.245,5303722123.25,1237550807.6515267
2015-11-27 01:00,359.011,5346023825.725,895711315.7104639
2015-11-28 01:00,356.212,5305804455.9,667783121.7836893
2015-11-29 01:00,371.4880000000001,5534688265.600001,921927632.1582325
2015-11-30 01:00,378.265,5637217098.625,1299027009.4916246
2015-12-01 01:00,363.4499999999999,5417967322.499998,523072117.50624603
2015-12-02 01:00,358.8199999999999,5350373990.499998,1153668371.9578505
2015-12-03 01:00,360.954,5383466480.7,1149814390.1438584
2015-12-04 01:00,362.7669999999999,5411894143.624998,1039912869.9731772
2015-12-05 01:00,390.645,5829507439.875,1426331736.1368082
2015-12-06 01:00,394.0109999999999,5881283993.699999,1512626609.7304864
2015-12-07 01:00,394.355,5887868033.125,1282263557.3988562
2015-12-08 01:00,412.9300000000001,6167016640.750002,954462002.2518704
2015-12-09 01:00,417.3679999999999,6235070986.199999,1528970867.732093
2015-12-10 01:00,416.91,6230407267.5,1275837073.4425912
2015-12-11 01:00,452.4149999999999,6762812523.749998,1623480958.4502342
2015-12-12 01:00,434.903,6502593547.975,1745413356.7816703
2015-12-13 01:00,435.8150000000001,6517994663.125002,1484344615.6204193
2015-12-14 01:00,443.277,6631778541.6,1497157323.9409719
2015-12-15 01:00,464.9989999999999,6958907659.574999,1555251795.3592968
2015-12-16 01:00,453.9139999999999,6794808883.749998,896686369.8324581
2015-12-17 01:00,456.473,6834975641.85,1302614351.2750235
2015-12-18 01:00,463.816,6946908498.6,1135226734.002981
2015-12-19 01:00,462.0529999999999,6922223916.849998,556941126.9945824
2015-12-20 01:00,441.1289999999999,6610549657.724998,1175787490.6247997
2015-12-21 01:00,437.8090000000001,6562505169.825002,1416880180.0048287
2015-12-22 01:00,436.2370000000001,6540512246.925001,1296402582.2604847
2015-12-23 01:00,442.821,6640942254.9,955949147.6136756
2015-12-24 01:00,454.907,6823821080.825,1418671442.057204
2015-12-25 01:00,455.7419999999999,6838203626.099998,1058738142.1988857
2015-12-26 01:00,417.092,6260008700.4,1725069505.9869354
2015-12-27 01:00,423.925,6364767557.5,1378749291.4939413
2015-12-28 01:00,420.708,6318056013.9,1310931884.6738522
2015-12-29 01:00,432.1540000000001,6491698545.650002,1176234726.8014364
2015-12-30 01:00,426.811,6413208734.625,1227648166.044458
2015-12-31 01:00,431.139,6479728151.175,1310033274.6107447
2016-01-01 01:00,434.4269999999999,6530621623.574999,1338781510.5888267
2016-01-02 01:00,434.3260000000001,6530688608.250002,769869067.6019802
2016-01-03 01:00,430.198,6470199429.9,984185979.6461835
2016-01-04 01:00,433.5339999999999,6522334778.049998,1021957722.8426229
2016-01-05 01:00,432.115,6502628563.125,758209345.881597
2016-01-06 01:00,431.3430000000001,6492499350.975001,833341869.2838143
2016-01-07 01:00,456.434,6870164692.05,1637948558.2555692
2016-01-08 01:00,454.6963000000001,6847658073.555001,1501742593.9812622
2016-01-09 01:00,448.7090000000001,6759240198.750002,1085553694.1445763
2016-01-10 01:00,447.2069999999999,6738604517.399999,1361099089.9371536
2016-01-11 01:00,448.3490000000001,6757695467.600001,1182725805.933856
2016-01-12 01:00,445.792,6721027667.2,888588584.7561319
2016-01-13 01:00,432.1200000000001,6516499236.000002,1584488640.9822845
2016-01-14 01:00,429.2429999999999,6474583370.174998,1266295629.45831
2016-01-15 01:00,365.912,5519407460.2,1576734613.7039278
2016-01-16 01:00,384.813,5806905132.6,1710583688.2242782
2016-01-17 01:00,386.3560000000001,5830189311.200002,1476285800.5507712
2016-01-18 01:00,385.1320000000001,5814809590.700002,1357696058.8206067
2016-01-19 01:00,379.015,5723770825.5,1157108220.8545206
2016-01-20 01:00,418.848,6326929406.4,1674254290.1511552
2016-01-21 01:00,407.8150000000002,6161646248.875003,1484721462.288631
2016-01-22 01:00,377.2100000000001,5700897323.250002,1626853795.9614305
2016-01-23 01:00,389.6409999999999,5889248376.549998,755378842.1307422
2016-01-24 01:00,403.0559999999999,6094932220.799998,1458284443.5169122
2016-01-25 01:00,392.3260000000001,5934195570.050001,1332190240.7947457
2016-01-26 01:00,392.4559999999998,5937437389.799997,1231352757.4795895
2016-01-27 01:00,394.491,5968224752.175,1023661369.6216024
2016-01-28 01:00,379.5519999999999,5745544310.399999,1144817695.5234942
2016-01-29 01:00,378.912,5737400248.8,1378222858.2537942
2016-01-30 01:00,376.921,5709052772.55,926767404.3542867
2016-01-31 01:00,364.352,5520342696,795209372.712972
2016-02-01 01:00,371.041,5623172735.125,1028395380.8818554
2016-02-02 01:00,372.8679999999999,5652529732.799998,669492000.7292296
2016-02-03 01:00,368.124,5582278351.5,701511710.5572596
2016-02-04 01:00,388.3759999999999,5891023099.599998,1068491901.0833611
2016-02-05 01:00,385.7330000000001,5852736452.325002,1099201402.3270342
2016-02-06 01:00,374.9049999999999,5690251854.249998,979578026.0038061
2016-02-07 01:00,375.5170000000002,5701239912.875003,551083226.5427567
2016-02-08 01:00,371.1359999999999,5636117687.999998,542257471.058673
2016-02-09 01:00,373.909,5679902055.4,465479007.436967
2016-02-10 01:00,379.829,5771368714.85,814090887.7056519
2016-02-11 01:00,377.058,5730998806.5,503979335.12027735
2016-02-12 01:00,382.72,5818750496,658159244.500266
2016-02-13 01:00,390.4240000000001,5937412022.400002,740171994.7251545
2016-02-14 01:00,404.1440000000001,6147686974.000002,1319015072.5724676
2016-02-15 01:00,399.379,6076721221.075,1388195099.8471158
2016-02-16 01:00,407.0129999999998,6194279970.374997,1111797900.4521844
2016-02-17 01:00,416.8499999999999,6345582494.999998,1296165324.1759655
2016-02-18 01:00,421.4220000000001,6417045471.750002,1445224878.5173087
2016-02-19 01:00,419.377,6387331882.925,601898504.2767404
2016-02-20 01:00,441.1199999999998,6720209555.999997,1385245439.8751278
2016-02-21 01:00,438.6499999999999,6684028071.249998,1506908216.5909653
2016-02-22 01:00,437.8029999999999,6672478907.474998,1166708341.4203901
2016-02-23 01:00,420.3020000000001,6407178255.950002,1465084346.963302
2016-02-24 01:00,423.1870000000001,6452416826.400002,1457408415.8942337
2016-02-25 01:00,423.142,6453391534.75,1416389937.2195773
2016-02-26 01:00,427.029,6514156583.4,58325277.64245085
2016-02-27 01:00,432.1390000000001,6593663289.800001,595150632.3741599
2016-02-28 01:00,432.7970000000001,6605163875.275002,546124185.8661692
2016-02-29 01:00,436.919,6669535766.075,1847224330.8996885
2016-03-01 01:00,431.371,6586086153.8,2515777833.930286
2016-03-02 01:00,424.485,6482862265.5,2052408228.7895234
2016-03-03 01:00,420.1709999999999,6418406144.699999,2737847218.462073
2016-03-04 01:00,409.408,6255529065.6,2408874554.407219
2016-03-05 01:00,397.2410000000001,6071173237.350001,2766255766.6448894
2016-03-06 01:00,404.912,6189869498.4,2521764887.178534
2016-03-07 01:00,413.74,6326260439.5,2361080396.000645
2016-03-08 01:00,411.8770000000001,6299329213.400002,1845168034.2779822
2016-03-09 01:00,412.3190000000001,6307800373.650002,1705210742.922722
2016-03-10 01:00,416.2920000000001,6370256293.500002,2166212980.4221253
2016-03-11 01:00,419.299,6417916283.7,2440375016.827296
2016-03-12 01:00,410.8010000000001,6289332499.925001,2292018374.4436398
2016-03-13 01:00,412.4949999999999,6316587496.874998,1845648236.2910593
2016-03-14 01:00,414.585,6350177715.75,1803876534.2741227
2016-03-15 01:00,415.6410000000001,6367983805.875002,2111129338.3052552
2016-03-16 01:00,416.5440000000001,6383495145.600001,1895643174.07286
2016-03-17 01:00,418.4000000000001,6413413020.000002,1743173852.7310321
2016-03-18 01:00,408.28,6259667304,2438769296.167774
2016-03-19 01:00,406.7389999999999,6237403575.849998,1764836350.22334
2016-03-20 01:00,411.8820000000001,6317806512.750002,1440329762.2947476
2016-03-21 01:00,411.091,6307102003.85,2250456009.66558
2016-03-22 01:00,416.36,6389481378,2041042449.9845455
2016-03-23 01:00,418.076,6417382984.8,1985257305.3708298
2016-03-24 01:00,414.8829999999999,6369854280.124998,2021330255.0508976
2016-03-25 01:00,415.743,6384534070.275,1933831281.7491696
2016-03-26 01:00,416.7149999999999,6401148697.124998,1604214632.4064965
2016-03-27 01:00,425.349,6535264076.775,2326287423.8189363
2016-03-28 02:00,422.756,6497115017.1,2155194925.8853908
2016-03-29 02:00,415.5470000000001,6388027423.525002,2681866388.8263345
2016-03-30 02:00,412.597,6344204936.175,2387281658.2325406
2016-03-31 02:00,415.366,6388090244.55,1432304098.8288007
2016-04-01 02:00,416.754,6410999713.95,447338222.9775492
2016-04-02 02:00,419.6700000000001,6457346880.750002,633704453.9853791
2016-04-03 02:00,418.1850000000001,6435354873.375002,429476810.3973782
2016-04-04 02:00,419.437,6456959980.95,525611739.82711506
2016-04-05 02:00,422.651,6508054061.925,541558101.3329905
2016-04-06 02:00,421.65599999999995,6494387877.599999,527136257.70882565
2016-04-07 02:00,421.076,6486917898.7,593936633.4999853
2016-04-08 02:00,418.4740000000001,6448380946.350001,727873660.8959363
2016-04-09 02:00,416.145,6413012926.125,791269617.2927799
2016-04-10 02:00,421.133,6492839084.15,484836963.8386498
2016-04-11 02:00,422.5840000000001,6516847462.200002,710470936.9100323
2016-04-12 02:00,426.181,6573884543.1,1182165394.173999
2016-04-13 02:00,424.26900000000006,6546120648.075002,785800595.966394
2016-04-14 02:00,424.932,6558071165.7,616490737.7752148
2016-04-15 02:00,429.966,6637309897.95,841700526.6271452
2016-04-16 02:00,430.941,6653836775.25,743886906.6097462
2016-04-17 02:00,428.027,6610502491.375,528907575.42346233
2016-04-18 02:00,428.5059999999998,6619389285.599997,549297574.322777
2016-04-19 02:00,436.37,6742483781,674540887.3072404
2016-04-20 02:00,441.916,6830010642.2,1101674781.4135215
2016-04-21 02:00,451.0830000000002,6973348482.375003,1340299673.3017693
2016-04-22 02:00,447.488,6919439820.8,1244399315.4240894
2016-04-23 02:00,451.818,6987975324.3,835075482.691219
2016-04-24 02:00,459.9229999999999,7114859335.024999,1609960186.8384228
2016-04-25 02:00,460.4659999999999,7123685299.599998,1607304204.3566065
2016-04-26 02:00,467.8559999999999,7240796776.799998,1278134938.8701427
2016-04-27 02:00,444.789,6885300360.825,1344104894.4750998
2016-04-28 02:00,449.3809999999999,6957889602.774999,1497339511.3554573
2016-04-29 02:00,456.5660000000001,7070940369.350001,683291625.3521613
2016-04-30 02:00,447.90299999999985,6938342199.674998,577836728.8566968
2016-05-01 02:00,452.592,7012822521.599999,394606185.83971006
2016-05-02 02:00,444.488,6888908380.2,679795242.3567172
2016-05-03 02:00,450.3,6980741977.5,460396814.0834587
2016-05-04 02:00,447.119,6933273129.45,430680620.3166514
2016-05-05 02:00,448.9219999999999,6962982234.899999,547921245.8399001
2016-05-06 02:00,461.6200000000001,7161803490.000002,892002595.4498556
2016-05-07 02:00,459.2479999999998,7126736757.199997,418352341.33987755
2016-05-08 02:00,459.283,7129139992.975,640880145.1265181
2016-05-09 02:00,461.74700000000007,7169395601.225,892533004.1713158
2016-05-10 02:00,450.3259999999999,6993799201.149999,1121093826.6093578
2016-05-11 02:00,452.179,7024148586,672525013.6120929
2016-05-12 02:00,454.7310000000001,7065405649.050001,697010377.0856366
2016-05-13 02:00,456.0070000000001,7086941589.100001,489812072.3694577
2016-05-14 02:00,455.5030000000001,7080714421.975001,540603400.5013363
2016-05-15 02:00,457.837,7118621364.875,514727783.64522
2016-05-16 02:00,454.893,7074393585.075,649625052.453777
2016-05-17 02:00,452.422,7037627799.900001,456208618.5701116
2016-05-18 02:00,453.3710000000001,7054124066.025002,382814029.8745019
2016-05-19 02:00,440.5389999999998,6855767039.274998,626926267.8026723
2016-05-20 02:00,441.888,6878428608,644225134.6638312
2016-05-21 02:00,443.1469999999999,6899543980.474998,382669886.1311476
2016-05-22 02:00,438.6750000000001,6831902516.250002,369986913.3520583
2016-05-23 02:00,443.175,6903990658.125001,378979422.05785537
2016-05-24 02:00,445.769,6945849971.525,423917608.1376983
2016-05-25 02:00,449.0549999999999,6998825287.124998,593928754.5793718
2016-05-26 02:00,453.73199999999997,7073262177.9,772901620.2200116
2016-05-27 02:00,473.8640000000001,7388724420.000002,1609915743.8194053
2016-05-28 02:00,528.545,8243121751.874998,2308852891.9405656
2016-05-29 02:00,524.624,8182390025.2,2265760454.9711156
2016-05-30 02:00,534.2240000000002,8335577205.600003,1027238918.1573266
2016-05-31 02:00,531.4070000000002,8293336919.625002,976889071.4702431
2016-06-01 02:00,539.1679999999999,8416291167.199999,864207752.912364
2016-06-02 02:00,538.832,8413013019.599999,655601895.7428466
2016-06-03 02:00,570.4449999999999,8908568259.374998,947549857.3776044
2016-06-04 02:00,573.5259999999998,8958404429.249998,1014758653.6732843
2016-06-05 02:00,574.4756747207706,8975651027.512924,980649173.436705
2016-06-06 02:00,585.563,9151383511.05,850291006.7026013
2016-06-07 02:00,577.9106942699359,9033842181.758211,995595869.9524367
2016-06-08 02:00,583.1389999999999,9117713569.924997,625927307.6959897
2016-06-09 02:00,577.607,9033585757.725,570784842.2229652
2016-06-10 02:00,579.2276478801407,9060944979.936224,574507838.2591244
2016-06-11 02:00,597.746561993518,9352955399.176626,567638086.2563363
2016-06-12 02:00,671.7122784950529,10512767357.042526,2134843166.853439
2016-06-13 02:00,704.2918521711082,11025583301.960873,1929369214.3262644
2016-06-14 02:00,685.932131564762,10740428205.860779,1295617503.876316
2016-06-15 02:00,693.2269999999999,10857217289.949999,1111645975.7525933
2016-06-16 02:00,765.4629999999999,11991494582.524998,2295279422.8526845
2016-06-17 02:00,749.4189999999999,11742908607.649998,2089119189.0622394
2016-06-18 02:00,756.7996012580627,11861509350.417933,1639977543.4823854
2016-06-19 02:00,764.0459999999999,11978503075.35,1440147059.442583
2016-06-20 02:00,734.1617358035669,11512940800.437586,1274257070.726084
2016-06-21 02:00,664.9965293554344,10430819686.117899,2616450204.6981983
2016-06-22 02:00,591.895,9286122275.999998,2116429838.3177702
2016-06-23 02:00,623.2062563646158,9779539536.75046,2950728708.757519
2016-06-24 02:00,661.4166051593036,10381264326.27785,2819565196.653483
2016-06-25 02:00,666.0566978558096,10456807082.239622,2165368588.879378
2016-06-26 02:00,629.3059999999999,9882102246.55,1973414929.567675
2016-06-27 02:00,648.2999999999998,10182702232.499996,1893446210.5502865
2016-06-28 02:00,646.8429999999997,10162291635.799995,1557753994.6406407
2016-06-29 02:00,637.437,10016780633.550001,1478192305.741556
2016-06-30 02:00,671.6159999999998,10556309174.399996,1557452114.6606188
2016-07-01 02:00,677.7099999999999,10654888849,1520646626.315115
2016-07-02 02:00,693.0470000000001,10897332418.600002,1369565986.2165418
2016-07-03 02:00,664.7451003433932,10456041581.34137,1980745475.1931427
2016-07-04 02:00,678.7005716794641,10678148801.861637,1647219062.906496
2016-07-05 02:00,667.5305180233454,10504760879.50388,1363651288.9860191
2016-07-06 02:00,675.9190000000001,10639167835.700003,1193299157.941928
2016-07-07 02:00,638.6200000000001,10054273625.000002,2122556832.5577588
2016-07-08 02:00,665.744506272113,10483645176.39353,1407424927.2334237
2016-07-09 02:00,653.8705124993986,10298813661.942278,1734638027.0220506
2016-07-10 02:00,650.3210000000003,10244077501.140005,1043956725.0369835
2016-07-11 02:00,649.07,10225531860.960001,969355597.1380028
2016-07-12 02:00,670.9480000000001,10571303711.856,1085661832.4024758
2016-07-13 02:00,658.1500000000001,10370703851.400002,930971250.7396076
2016-07-14 02:00,659.5760000000002,10394281928.736004,907126119.1357731
2016-07-15 02:00,665.6869915031888,10491679653.244476,915530669.9477481
2016-07-16 02:00,663.5010000000002,10458476976.564003,583921219.9714433
2016-07-17 02:00,678.3905582459545,10694420116.412525,878701509.437196
2016-07-18 02:00,674.7874378266207,10638777020.11729,951136967.9705702
2016-07-19 02:00,674.5573889807015,10636194258.165003,721148317.6858412
2016-07-20 02:00,670.8934740599931,10579131342.279295,718486386.0759034
2016-07-21 02:00,665.3643845142738,10493517598.78291,651736587.5105526
2016-07-22 02:00,651.0899999999999,10269410781.96,744993482.3653657
2016-07-23 02:00,655.4230000000001,10338768243.216002,749951409.4708184
2016-07-24 02:00,660.848923533057,10425364936.563225,628152931.6204653
2016-07-25 02:00,654.5186383481073,10326505495.914951,571897923.6678181
2016-07-26 02:00,651.3099999999998,10276898043.719997,704328935.7242514
2016-07-27 02:00,655.618263277738,10345876482.259167,701731382.8989863
2016-07-28 02:00,655.8904301748952,10351218168.470943,590272472.7794734
2016-07-29 02:00,657.3423791946653,10375300169.233873,498459288.32484585
2016-07-30 02:00,654.5489803055398,10332176091.135323,381261251.17962205
2016-07-31 02:00,623.7457712533022,9847086965.691307,1034681070.1406333
2016-08-01 02:00,605.7469999999995,9564059424.39599,1099193368.899972
2016-08-02 02:00,517.1349294487607,8165924598.986262,1868906086.666429
2016-08-03 02:00,567.3810616156014,8960483430.825201,2497221230.7124486
2016-08-04 02:00,576.6037067248545,9107192616.42881,1656264326.96429
2016-08-05 02:00,576.0338000000002,9099338658.916801,730357921.4557643
2016-08-06 02:00,587.6349999999999,9283768001.279999,781499291.615411
2016-08-07 02:00,592.6675,9364319558.91,1119146426.823175
2016-08-08 02:00,590.7125,9334500359.099998,732938493.4891537
2016-08-09 02:00,585.3024999999998,9249860835.689997,764158462.4766014
2016-08-10 02:00,592.266843297098,9361030948.519566,787203551.0783362
2016-08-11 02:00,587.6138000000002,9288488901.621603,332761748.8841695
2016-08-12 02:00,586.5299999999999,9272434001.039999,332148000.2223092
2016-08-13 02:00,584.4688683346069,9241013898.483736,528917329.60978127
2016-08-14 02:00,570.7366999999999,9024984099.855598,800709328.0207629
2016-08-15 02:00,567.7342836594349,8978508769.857576,689576137.4962289
2016-08-16 02:00,578.2231511023564,9145336947.424574,665471810.6820532
2016-08-17 02:00,571.461914957742,9039235990.703674,509828615.05795246
2016-08-18 02:00,572.2684198487193,9053050627.41776,448162729.6782696
2016-08-19 02:00,573.4919906794345,9073411771.816164,404401760.5949999
2016-08-20 02:00,581.9462730812136,9208301151.705597,449090940.5932441
2016-08-21 02:00,580.5870271371734,9187908144.199305,397848571.05515844
2016-08-22 02:00,585.2175000000001,9262302916.86,391991120.28923106
2016-08-23 02:00,582.0038,9212472965.774399,602216568.6591012
2016-08-24 02:00,577.8880531621712,9148400141.820934,366732500.4450583
2016-08-25 02:00,576.1163000000001,9121223051.838001,401309290.9927601
2016-08-26 02:00,578.1037999999998,9153633133.989597,338221514.6073892
2016-08-27 02:00,568.5750000000002,9003730818.600002,445311513.3907298
2016-08-28 02:00,573.5288,9083223370.0416,339737295.89427423
2016-08-29 02:00,572.5102283617088,9068122329.394085,381390186.59404904
2016-08-30 02:00,576.08,9125715540.480001,414583282.42362505
2016-08-31 02:00,571.7582826763035,9058256694.850403,335483654.44544333
2016-09-01 02:00,571.59,9056523459.6,356532608.2572752
2016-09-02 02:00,573.9624999999999,9095188851.299997,378500484.5206362
2016-09-03 02:00,596.1950000000002,9448393429.680002,561496914.7850986
2016-09-04 02:00,608.6887999999999,9647700436.713598,884434073.8694361
2016-09-05 02:00,606.6438,9616262727.204,618185193.0094764
2016-09-06 02:00,610.6837999999999,9681336387.393599,560341026.7130767
2016-09-07 02:00,614.3264885962195,9740198080.118103,597124132.7229276
2016-09-08 02:00,625.4675000000001,9917920559.610003,1600702238.5928948
2016-09-09 02:00,621.9124999999999,9862631720.699999,850137524.7711473
2016-09-10 02:00,623.0588000000001,9881939361.403202,586796232.5467077
2016-09-11 02:00,605.3154151790802,9601743135.428337,1228662231.0267904
2016-09-12 02:00,605.8312052420321,9611117069.21902,973866198.6910902
2016-09-13 02:00,606.6450000000001,9625199430.6,699782155.2934498
2016-09-14 02:00,608.4250000000002,9654573079.500004,619105285.9754454
2016-09-15 02:00,605.5838000000001,9610607638.994402,549080254.7260385
2016-09-16 02:00,606.5533658936915,9627042762.308758,546585886.1273316
2016-09-17 02:00,605.3438,9609021664.307999,531090439.78524125
2016-09-18 02:00,608.7950000000002,9664864143.000004,1306045902.1413145
2016-09-19 02:00,608.6176342973245,9663034352.091307,1272958790.4060755
2016-09-20 02:00,607.7688125632665,9650615110.177094,953214316.4475458
2016-09-21 02:00,595.8402492264345,9462412679.832169,1589139471.1342793
2016-09-22 02:00,594.9587999999999,9449414102.3184,994983745.4822936
2016-09-23 02:00,601.8925,9560527881.960001,1471656057.198137
2016-09-24 02:00,601.2725000000003,9551877467.340004,1136053862.1848307
2016-09-25 02:00,599.3112999999997,9522044919.525595,1074112052.8808076
2016-09-26 02:00,606.0970645363005,9630957511.517817,1917754354.0926065
2016-09-27 02:00,604.2074999999999,9602128427.579998,1448434854.0194743
2016-09-28 02:00,603.5549999999997,9592874199.359997,1023325384.7386414
2016-09-29 02:00,604.6375,9611116960.350002,1291135796.181455
2016-09-30 02:00,608.2575,9669703048.380001,1177411408.0724049
2016-10-01 02:00,614.0598845176643,9763087934.558167,1673872374.0277987
2016-10-02 02:00,610.3588000000001,9705298188.753601,1018352266.6575919
2016-10-03 02:00,611.9609026561799,9731860020.793758,767820466.9691538
2016-10-04 02:00,609.2425,9689785072.17,817050996.2892424
2016-10-05 02:00,611.6363,9729061309.2156,915039145.8889357
2016-10-06 02:00,610.9800000000001,9719787549.600002,714618920.4242615
2016-10-07 02:00,616.2188000000002,9804216114.139202,1104537956.2128787
2016-10-08 02:00,616.5338,9810492980.9568,793016113.7517544
2016-10-09 02:00,614.6238000000001,9781273121.407202,901840112.441068
2016-10-10 02:00,614.3138,9777010536.4368,1274169412.982478
2016-10-11 02:00,640.7,10198278180,2996984110.275397
2016-10-12 02:00,635.6163,10118464865.982,2475619341.3676276
2016-10-13 02:00,634.6223388041233,10103624253.93074,2099764690.7683637
2016-10-14 02:00,638.1799999999996,10161283203.119995,1671558094.2516508
2016-10-15 02:00,637.2088,10146912931.2,1644480561.890038
2016-10-16 02:00,640.1862999999997,10195309967.356796,1454057375.2025247
2016-10-17 02:00,637.4825000000001,10153229676.240002,1187159912.919513
2016-10-18 02:00,635.465,10122263522.220001,2024277148.457759
2016-10-19 02:00,628.4375,10011295942.5,1955775379.9281862
2016-10-20 02:00,628.5425,10013934081.66,1803186001.035134
2016-10-21 02:00,629.7187999999995,10033936840.324793,1283400177.493909
2016-10-22 02:00,652.0875,10391486423.849998,3522949282.8122096
2016-10-23 02:00,649.6263000000002,10353442542.796803,3643525162.781228
2016-10-24 02:00,648.7663,10340849544.8076,3212766801.21308
2016-10-25 02:00,652.6338,10403520542.2512,2499429907.052547
2016-10-26 02:00,673.4175000000001,10735427840.760002,4850797702.725285
2016-10-27 02:00,683.3724999999998,10896021892.289997,5041475157.287174
2016-10-28 02:00,687.5587999999999,10963463344.929598,5069538565.893592
2016-10-29 02:00,715.4103243232163,11409389607.07833,6838400543.297884
2016-10-30 02:00,697.2773624560577,11121149986.537748,5824289996.154985
2016-10-31 01:00,698.5762999999998,11143032475.877998,6861251336.346381
2016-11-01 01:00,729.2049999999999,11633474056.199999,5882440878.971315
2016-11-02 01:00,734.1638,11713747881.6912,4549460043.379515
2016-11-03 01:00,686.0612999999995,10947521327.777992,10469111039.375326
2016-11-04 01:00,702.11,11204614009.68,5929334120.52332
2016-11-05 01:00,704.0224999999997,11236368065.399996,2146200087.784668
2016-11-06 01:00,712.1263000000001,11367022667.714403,2676516223.714126
2016-11-07 01:00,706.0925,11271922275.869999,3299753094.2893806
2016-11-08 01:00,708.9399999999999,11318680821.599998,3071821253.356335
2016-11-09 01:00,721.1774999999999,11515479618.419998,4364284007.6703005
2016-11-10 01:00,713.2141433353438,11389753141.977827,3237455965.9222164
2016-11-11 01:00,715.6425000000002,11429941440.150002,3576474207.6949515
2016-11-12 01:00,703.76,11241603256.32,6291883753.808641
2016-11-13 01:00,702.3463169808624,11220193117.664371,3720281492.5782685
2016-11-14 01:00,705.55,11279469101.249998,5335752435.403928
2016-11-15 01:00,712.158899800779,11386521351.124006,7530105088.629448
2016-11-16 01:00,740.8993548679168,11847684538.725115,9936150861.137636
2016-11-17 01:00,738.4799999999999,11810455253.999998,5475859342.7567425
2016-11-18 01:00,748.4263,11970910272.5825,3987706064.67461
2016-11-19 01:00,750.4100480749124,12003962099.202116,3235133019.0516033
2016-11-20 01:00,728.3713,11652611522.3775,5039283039.972013
2016-11-21 01:00,736.5049999999998,11783996774.934998,3192815797.461711
2016-11-22 01:00,748.1225,11971109864.2825,3267220913.651425
2016-11-23 01:00,741.1662465178737,11861151745.206772,3775381682.6307497
2016-11-24 01:00,736.7486937230678,11791975961.232533,3798900330.481789
2016-11-25 01:00,738.2039432073005,11816670435.200802,2481664641.7581058
2016-11-26 01:00,732.7338000000001,11730463632.615002,2391921659.307202
2016-11-27 01:00,727.7574999999999,11652161720.374998,2688074106.338304
2016-11-28 01:00,731.8424613583487,11719038707.963842,2451726073.738056
